parid,elev
3387660,15
3397916,15
3396391,15
3396413,15
3397967,15
3397991,15
3398025,20
3396421,15
3396456,15
3387678,15
3398068,20
3396472,15
3396570,15
3396723,15
3398114,20
3398131,15
3396731,15
3396812,15
3387724,15
3396812,15
3398149,15
3398165,15
3396910,15
3398165,15
3396961,15
3396979,15
3398297,20
3397002,15
3397045,15
3387783,10
3397495,15
3398351,15
3398459,20
3397509,15
3398548,15
3397525,15
3397550,15
3398556,15
3387805,10
3397673,15
3398629,15
3399013,15
3399048,15
3398823,20
3399463,15
3398874,20
3398912,20
3387805,10
3399595,15
3399617,15
3398980,15
3400879,15
3399625,10
3399676,10
3400968,15
3388283,15
3399676,10
3399722,20
3400984,15
3399862,20
3401034,15
3400071,15
3388542,15
3401051,15
3400071,15
3400216,20
3400348,15
3401280,15
3401484,10
3388542,15
3401565,15
3400356,15
3401565,15
3401603,15
3400453,20
3401727,15
3400488,15
3400534,20
3401883,15
3388569,15
3401913,20
3401948,20
3400593,20
3400712,15
3400712,15
3402073,10
3400810,15
3402120,15
3388798,15
3400852,15
3402171,15
3402227,15
3402260,20
3400861,15
3402294,15
3403941,15
3404157,15
3402359,20
3389077,15
3402448,15
3402472,15
3404254,15
3404297,10
3402502,15
3404335,15
3389115,15
3402677,20
3402693,15
3404505,15
3404581,10
3402707,15
3404874,10
3402782,15
3405552,20
3403037,15
3404963,15
3404980,20
3403151,15
3405072,20
3405331,10
3403169,15
3403231,20
3405391,15
3403240,20
3403304,20
6617261,20
3403461,15
3405391,15
3405404,15
3409752,15
3405447,15
3405447,15
3403541,20
3403584,15
3403614,15
3403681,15
3405528,15
3405536,15
3403703,15
3403819,20
3403851,15
3403908,15
3409841,15
3415159,20
3405552,20
3411412,15
3413113,15
3413130,15
3413172,15
3411412,15
3413181,15
3409876,20
3413229,15
3413245,15
3411714,15
3413555,15
3411714,15
3413563,15
3413717,20
3410068,20
3411757,15
3412028,20
3413741,15
3412028,20
3413792,15
3413857,15
3410572,15
3412222,20
3413857,15
3413890,15
3412508,20
3413938,15
3410581,20
3412681,15
3413954,20
3412966,15
3414004,20
3410602,20
3414217,15
3414462,20
3414357,15
3414497,20
3418450,15
3418531,20
3418557,15
3418719,15
3414560,15
3414586,15
3418719,15
3420764,15
3418883,15
3410742,15
3419049,15
3414756,20
3414799,25
3419456,15
3414802,20
3414985,20
3419511,15
3415221,15
3415507,15
3415515,15
3410831,10
3415647,15
3419553,15
3415647,15
3419570,15
3419588,15
3415892,15
3419618,20
3415981,20
3419707,15
3410921,15
3419782,15
3419901,20
3416091,15
3416104,15
3419928,20
3419928,20
3418115,15
3411013,15
3418115,15
3420098,25
3418140,15
3420217,20
3418271,15
3420276,15
3418361,15
3418425,15
3411137,15
3420322,10
3420373,15
3420616,15
3422015,15
3422074,15
3422121,15
3420713,20
3420772,15
3422171,15
3411153,15
3420811,15
3422198,10
3420942,20
3420951,20
3422350,10
3421108,20
3422422,10
3422601,15
3422627,15
3421191,15
3411315,15
3421191,15
3422678,10
3421264,20
3424999,10
3421370,15
3425260,10
3421540,15
3425332,20
3411382,15
3421710,15
3425341,15
3425570,15
3421787,15
3421850,15
3425618,10
3426045,20
3421922,15
3426142,20
3421957,15
3426231,20
3446593,30
3421990,15
3422007,15
3422015,15
3426266,20
3426274,20
3426576,20
3295901,10
3464176,10
3460359,10
3434331,5
3464303,10
3434331,5
3464435,10
3434382,5
3434412,5
3434439,10
3479157,10
3479211,10
3464486,10
3460529,10
3479424,10
3479424,10
3479602,10
3464508,5
3479696,5
3464940,10
3460600,10
3479718,5
3480287,10
3464958,10
3481500,5
3481631,10
3464982,10
3482506,5
3465016,5
3460685,20
3482590,10
3465121,10
3482590,10
3485645,10
3485696,10
3482786,10
3485726,10
3482816,10
3485882,10
3460707,20
3485882,10
3486111,5
3482972,10
3483171,5
3486234,5
3486251,10
3486714,10
3486714,10
3483464,10
3486757,10
3460812,20
3486901,5
3483499,10
3483511,5
3488130,10
3488164,10
3488342,10
3483570,5
3461282,15
3488351,10
3483596,10
3483855,5
3488482,10
3488580,10
3488598,10
3483901,5
3488741,10
3488792,10
3461347,15
3484011,10
3484126,10
3484177,10
3489101,5
3484193,10
3484207,10
3490444,10
3490827,5
3490916,5
3484398,5
3463145,10
3491068,5
3494679,5
3494792,5
3494831,5
3496515,10
3491181,5
3496612,10
3463234,10
3491327,5
3496736,10
3491343,5
3491343,5
3496736,10
3496744,10
3491360,5
3463366,5
3492366,5
3496809,5
3497104,5
3497228,5
3492447,10
3497791,10
3492480,10
3463374,5
3497856,10
3492498,10
3492587,10
3493966,5
3494008,5
3497945,10
3497953,10
3494202,5
3497953,10
3463641,15
3494261,5
3498224,10
3498526,10
3494261,5
3498607,5
3494440,5
3498712,5
3498984,5
3498984,5
3463684,10
3499034,5
3494521,5
3503619,5
3494644,5
3503813,5
3503848,5
3509331,10
3503848,5
3463978,5
3503872,10
3509340,10
3504003,10
3507444,10
3507452,10
3509480,10
3507525,10
3509501,10
3464001,10
3507673,5
3510283,10
3507681,10
3510887,10
3507690,10
3507827,10
3507860,5
3510887,10
3511107,10
3515587,10
3507908,5
3511115,10
3511115,10
3511158,10
3511387,10
3508513,10
3508581,10
3508718,10
3512600,10
3515714,10
3508823,10
3512910,10
3508823,10
3515897,10
3513380,10
3508947,10
3513801,10
3509153,10
3520327,10
3522231,5
3513924,10
3513924,10
3516061,10
3522567,5
3522869,5
3514084,10
3514131,10
3514181,10
3514572,10
3523105,10
3523318,10
3523521,10
3525680,10
3516095,10
3523725,10
3525761,5
3523989,10
3525787,5
3524047,10
3524080,10
3525825,10
3526449,10
3516354,5
3526473,10
3524110,5
3524144,10
3526546,10
3526601,10
3526708,10
3526864,10
3528379,10
3524179,5
3516354,5
3524187,5
3528549,10
3524225,10
3524489,5
3524535,5
3528841,10
3524918,10
3524926,10
3524951,10
3516567,10
3529839,10
3529847,10
3525663,5
3530497,10
3530527,10
3529880,10
3530535,10
3529979,10
3529987,10
3516567,10
3530004,10
3530080,10
3530551,10
3530195,10
3530284,10
3530292,10
3530632,10
3516621,5
3530331,10
3530420,10
3530748,10
3533356,10
3530756,10
3530969,10
3533577,10
3531124,10
3535715,10
3531175,10
3517458,10
3535731,10
3535731,10
3531175,10
3531337,10
3517521,5
3534247,10
3534298,10
3531469,10
3531540,10
3534409,10
3531540,10
3534417,10
3517547,5
3531736,10
3531841,10
3535201,10
3535286,10
3531841,10
3535308,10
3535359,10
3531850,10
3535456,10
3532945,10
3535464,10
3535553,10
3532953,10
3517555,10
3532970,10
3533208,10
3535561,10
3535588,10
3536070,10
3536070,10
3536126,10
3535651,10
3535758,10
3535791,10
3518918,10
3535928,10
3536134,10
3536142,10
3535944,10
3536771,10
3536002,10
3536789,10
3519124,10
3538684,10
3538854,10
3536878,10
3536924,10
3536924,10
3538889,15
3537106,10
3537114,10
3537211,10
3519418,10
3538978,15
3539061,10
3537424,10
3539079,10
3537441,10
3537645,10
3520025,5
3539133,10
3537645,10
3538510,10
3539141,10
3538528,10
3539231,15
3539273,15
3538528,10
3538552,10
3538579,20
3538587,20
3520246,10
3539303,15
3538595,20
3542169,10
3539419,10
3539427,10
3542207,10
3520301,10
3542215,10
3539575,10
3539621,10
3542223,10
3542223,10
3539842,5
3539842,5
3540115,10
3540123,10
3542398,10
4535462,10
3540352,10
3542398,10
3542525,10
3542568,10
3542584,10
3540557,10
3542614,10
3540565,10
4535241,10
6796238,20
3542631,10
3542851,10
3542908,10
6633282,20
3512014,10
4534059,10
3542916,10
3544366,10
3529651,10
6615209,10
6615209,10
6535116,15
6533351,15
3538421,15
4535039,10
3541898,10
4998993,20
3105681,15
4998993,20
4590277,10
3291476,40
4795952,5
6750190,25
3430930,25
4990712,25
5753816,20
4990666,25
3104781,5
6260460,20
5348261,25
5364291,5
6030227,20
5347095,25
5346773,25
5918181,20
5916545,20
6418802,25
5755894,20
5916545,20
6261474,20
5755657,20
5755614,20
5918742,20
5755614,20
5756220,20
5917282,20
5760031,20
6261164,20
5760057,20
3429265,25
5760162,20
6610533,25
6411956,20
6557934,5
6610541,25
6260991,20
5190625,20
5190528,20
3107616,20
3107292,20
3429818,25
4827218,20
3109333,20
3106661,20
6260982,20
3106580,20
3107110,20
3567013,10
4998799,20
3567021,10
3567331,20
6836817,20
3567692,10
3567048,15
4826581,20
3567048,15
3106881,20
5656675,20
5654486,20
3569156,15
5656624,20
5656594,20
3569440,15
3568486,15
3569458,10
3429940,25
3408055,10
6261431,20
3405978,10
3393457,5
4827692,20
3108230,20
3392876,5
3405978,10
3107705,20
3109309,20
3107705,20
4826424,20
4827617,20
3111605,5
3571363,20
3506855,5
3571339,20
3405854,10
3506383,5
3506791,5
3506383,5
3111842,5
3505212,5
3113543,5
3111516,5
3408683,10
4827552,20
6647071,15
3394283,15
3406184,10
3431260,25
3407032,5
5631664,30
3427599,25
3423046,25
3426924,25
3427564,25
3427564,25
3394747,15
3425847,5
3427157,5
4537309,5
3574770,30
3394542,15
3428498,25
5569942,20
3394356,15
3394356,15
5832732,20
3428714,25
3432924,25
4537163,5
6802831,15
3431537,25
5491021,15
5491021,15
6802831,15
3532490,5
4988823,25
3532503,5
3532619,5
5489396,10
6615845,10
6615110,10
6647003,15
6535566,15
6615772,10
6534161,15
6615080,10
6533628,15
6616523,10
6533121,15
6615616,10
6615781,10
6535124,15
6615705,10
6532656,15
6533997,15
6003149,15
6532605,15
6003131,15
6532613,15
6533725,15
6532907,15
6614849,10
6532907,15
6532893,15
6005150,15
6534543,15
6534543,15
6005320,15
6535353,15
6615527,10
6534292,15
6002983,15
6002479,15
6004790,15
5832783,20
6615314,10
5388271,5
5491064,15
5631796,30
5630994,30
5629830,30
5630277,30
3107411,20
5629783,30
3573897,25
5630510,30
3428439,25
3433742,25
3431715,25
3544552,10
3431171,25
6596611,5
6412383,20
6668809,15
3431014,25
3431014,25
3431006,25
6291276,20
3107403,20
3108299,20
3432746,25
3394496,15
3107322,20
3106679,20
5568768,20
6291381,20
3432762,25
5755584,20
5756173,20
3432096,25
3394623,15
6670552,25
3432452,25
6670552,25
6617554,20
5759946,20
5759164,20
6092397,10
3432452,25
5759164,20
3432452,25
3101626,15
3103254,10
3432053,25
3283236,10
3283279,10
3428081,25
3283376,10
3275853,25
3394151,10
3283384,10
3434170,25
3432266,25
3433076,25
3133129,15
3432975,25
3112059,5
5049116,25
3276124,25
3575741,10
3394232,10
3394178,10
3394178,10
6276391,10
6276391,10
5569870,20
3544617,10
3276248,25
3140206,10
3140206,10
3139321,10
3139747,10
3282906,10
3139704,10
3139151,10
3139917,10
3139721,10
3541511,10
3541448,10
3282949,15
5654770,20
3139275,10
6505802,10
6668914,15
4999205,20
3105966,15
6723753,15
3105770,15
3110081,10
3283139,10
3105591,15
3110021,10
6749078,15
6312770,20
3105729,15
3105702,15
6312796,20
4712224,15
6796050,20
3105559,15
3105541,15
3406036,10
6796017,20
7574730,25
3406672,10
7574756,25
3406591,10
3406621,10
6749175,15
6749078,15
5275990,10
5276007,10
6749108,15
3405706,10
6716889,20
6716889,20
3392973,5
3112814,5
5257207,20
5256863,20
5992608,20
3532520,5
4996931,20
3532422,5
4533753,10
4589210,10
3392931,5
4589384,10
4533753,10
6029873,20
6030561,20
4626549,10
4626476,10
4626476,10
3291034,50
3392931,5
6030553,20
5830632,20
5830837,20
6596646,5
5830730,20
6668680,15
6668761,15
6668663,15
6596638,5
3392655,5
6668663,15
6668779,15
6668710,15
6750670,20
6750602,20
6769761,15
6668868,15
6668833,15
6802866,15
6802670,15
5654192,20
3387724,15
5347583,25
3411021,20
3411081,20
3411871,15
3420390,10
3421990,15
3411951,15
3425987,20
3433432,25
3433327,25
3434153,25
3412125,15
3394470,15
5568741,20
3433751,25
5569675,20
5569292,20
4999001,20
6252840,25
4998918,20
6291802,20
6260877,20
4808302,20
6412715,20
6612005,20
4807993,20
5756599,20
5756351,20
6261342,20
6261326,20
6261458,20
4997466,20
5756351,20
6557039,5
6261130,20
6260800,20
4895086,25
4895159,25
6260711,20
4895159,25
4996958,20
4895264,25
3466837,20
5587983,10
6069301,25
6616833,20
5488942,10
6616990,20
3406834,10
5587592,10
5587827,10
5586758,10
5489663,10
3466772,20
3407296,5
3407296,5
4537121,5
4536256,5
3428838,25
4537180,5
5587541,10
3430671,25
3431651,25
3432533,25
3428803,25
4718907,15
4718885,15
3432568,25
6292736,20
6291624,20
5488802,10
6291357,20
3506405,5
6292736,20
6292400,20
6292396,20
6556971,5
6413436,20
6557543,5
6556903,5
6556741,5
6556750,5
4989943,25
6556750,5
6557322,5
3108825,20
6556725,5
6557322,5
6557683,5
6557683,5
6557837,5
3108396,20
3108388,20
3112318,5
3108370,20
3107853,20
3108132,20
4994386,20
3393848,10
3107713,20
5491757,15
5918025,20
6542996,25
5656021,20
5916537,20
6261016,20
3433858,25
5918173,20
6292612,20
4536264,5
3108159,20
4717463,20
6312401,20
4717366,20
3571053,20
5346706,25
5760324,20
5346684,25
6418829,25
6550077,20
6616752,20
6780862,20
5264246,10
6671117,25
3392612,5
6556229,5
6556202,5
6550972,20
6671095,25
8001287,25
3433211,25
8001288,25
4797840,30
5702642,20
5639525,25
3542011,10
4543376,10
5638421,25
6671095,25
5638286,25
4700323,10
5639045,25
4739467,30
3432673,25
4705368,10
4753541,25
4754636,30
4754733,30
4784560,25
6670862,25
4793372,30
4796177,5
4796193,5
4796266,5
4796282,5
6670935,25
4796304,5
4797505,30
4797611,30
4811435,25
4811737,25
4811834,25
6670919,25
4812091,25
4811583,25
4811664,25
4812113,25
4811664,25
4812148,25
4817301,15
4811672,25
4812202,25
4817999,20
4812261,25
4818057,20
4818090,20
4812679,25
4812679,25
4817409,20
4812873,25
4818219,20
4814639,25
4818260,15
4818286,15
4818316,15
4817425,20
4814655,25
4814809,25
4820582,25
4818421,15
4820817,25
4828630,15
4886354,10
4886354,10
4817433,20
4828656,15
4886389,10
4828788,20
4886397,10
4894781,15
4895302,5
4886397,10
4817468,20
4895426,5
4895353,5
4895426,5
4895647,5
4895680,5
4895388,5
4895426,5
4817492,15
4932461,10
4942734,15
4971394,25
4992481,25
4992481,25
4987185,20
4992481,25
4987207,20
4817514,15
4992618,25
4992499,25
4992502,25
4992626,25
4992529,25
5005933,10
5008568,30
4817522,20
4992707,25
3392574,5
4992723,25
4992723,25
3392523,5
3392558,5
3392558,5
3393571,5
4817590,15
4999884,10
4718630,15
3393571,5
4989137,25
3391829,5
4817697,15
5256201,20
3392388,5
5256260,20
5256341,20
5256448,20
5256413,20
3392388,5
5263231,10
4817735,15
5151506,20
5263461,10
5364143,5
5350355,20
5257011,20
5353133,20
5257037,20
5489116,10
4817816,15
5388221,5
5489116,10
5491994,15
5388239,5
5569942,20
5388239,5
5631524,30
5586944,10
5569713,20
4817867,15
5587037,10
5629538,30
5639860,25
5629449,30
5702316,20
5702294,20
4817948,15
5629449,30
5702308,20
5629392,30
5631184,30
5753654,20
5631443,30
5759458,20
5631443,30
5631443,30
5916511,20
5631524,30
5151018,20
6092354,10
5759458,20
5917754,20
5917860,20
6252912,25
6029369,20
6251240,15
6029466,20
6252963,25
6292019,20
6418977,25
5189589,20
5759385,20
6549958,20
6549826,20
6291969,20
6549991,20
6549800,20
4998047,20
6617040,20
6312885,20
6312940,20
5759911,20
5189988,20
6312800,20
6312745,20
4990160,25
6313695,20
3104854,5
6558124,5
5759741,20
5189929,20
6596522,5
6253030,25
6780056,20
5189562,20
5189694,20
5189953,20
5189601,20
5830888,20
5190471,20
6542996,25
5190099,20
5190650,20
5190188,20
7054698,15
7054701,15
3110463,20
3103041,5
3245806,25
3103106,5
3132068,20
3279425,20
3245920,25
3295579,30
3300858,10
3382293,15
3248422,25
3382773,10
3383613,15
3387953,10
3132122,15
3249101,25
3409604,25
3409604,25
3410408,10
3410076,15
3132131,15
3413512,10
3412389,10
3410157,10
3412401,15
3413156,10
3410394,5
3418255,5
3418646,10
3137671,10
3413512,10
3413628,10
3419294,15
3420420,15
3426649,25
3426673,25
3425642,10
3459601,5
3425685,5
3137761,10
3460090,5
3425804,5
3426631,20
3426835,25
3460120,5
3460286,5
3461193,5
3427106,5
3137779,10
3427203,5
3463285,5
3434234,5
3484231,5
3484274,5
3463331,5
3486315,5
3463471,20
3137914,15
3463595,25
3498011,10
3498011,10
3503724,5
3533950,10
3511166,10
3532279,10
3569547,15
3138392,20
3538056,10
3575555,25
3575385,25
4490639,10
4745513,30
4745548,30
4748326,30
4797921,30
4886192,10
4745513,30
4882944,30
4820451,25
4820591,25
3394500,15
4926089,25
4797947,30
3394364,15
3394631,15
4992561,25
5049078,25
5029387,25
5029468,25
5083071,25
5216632,10
5215521,10
5197514,25
5083241,25
5216489,10
3394445,15
5216616,10
5216675,10
5216721,10
5459543,25
5604543,15
5222241,30
5029336,25
5055949,30
5055892,30
5055922,30
5055931,30
5060918,15
5061035,20
5056121,30
5082911,25
5056121,30
5056139,30
5056147,30
5061078,20
5061175,20
5056163,30
5061191,20
5082946,25
5061256,20
5061272,20
5061302,20
5056171,30
5061370,20
5061370,20
5061418,20
5083195,25
5082954,25
5061434,20
5061434,20
5061493,15
5085244,15
5061493,15
5085317,15
5082954,25
5095584,15
5061493,15
5095584,15
5114724,10
5114899,10
5114911,10
3513428,5
5082954,25
3514238,10
3521714,5
5114937,10
5114937,10
3522125,5
5115062,10
5197506,25
5115151,10
5215130,10
5082971,25
5115151,10
5216195,10
5115160,10
5216233,10
5216250,10
5216195,10
5251713,20
5216276,10
5082989,25
5216276,10
5268705,25
5216349,10
6615926,10
5798712,30
5312909,5
3534531,10
5222250,30
5603148,20
5082997,25
5603164,15
5723526,5
5883710,15
5603172,15
5603181,15
5909212,15
6076791,30
5603181,15
5083039,25
5603288,10
6107858,5
6183384,5
5603300,10
5955931,30
5603351,15
5603369,15
6505756,10
5083063,25
5603407,15
5603512,20
6529442,10
6648654,10
3540662,10
6657122,10
5992608,20
6696519,5
6761060,10
4534377,10
4533915,10
5061469,20
3528425,10
6610240,25
4533842,10
3575091,30
4808019,20
3428412,25
3574745,30
5638456,25
4807667,20
5352030,20
3139437,10
3488229,10
6668884,15
6633291,20
6668884,15
6668817,15
6668841,15
4535497,10
4589589,10
6668787,15
6633363,20
4590986,10
4590226,10
5256243,20
5256162,20
4591079,10
4591109,10
5256472,20
6302723,15
3138813,10
6633339,20
3138791,10
3139011,10
3138937,10
4626379,10
3540654,10
3540620,10
3540735,10
3540581,10
5425177,25
6632154,20
3098552,10
3097432,15
3540701,10
3100719,10
3101791,10
3101502,15
3103963,15
5988597,20
3136241,15
6633355,20
5490777,15
5490823,15
5490823,15
5491064,15
5630358,30
6802599,15
5630323,30
5631681,30
3513517,10
5632199,30
3513517,10
5632199,30
3513690,5
3513746,10
5630803,30
5988490,20
3513746,10
5631818,30
3514025,10
5630510,30
3514157,10
5630757,30
5630463,30
3514637,10
3520530,5
6632804,20
5630463,30
5631940,30
5631737,30
3521277,5
5631737,30
3521722,5
3521439,5
3521544,5
3521986,5
6632782,20
3521706,5
3532465,5
3522087,5
3522371,5
3528387,10
3528387,10
6632332,20
3109279,20
3522508,5
3529391,10
3522541,5
3529448,10
3532716,5
3522664,5
6632430,20
3529651,10
3533780,10
3532431,5
3533780,10
3532783,5
3526899,10
5987523,20
3526899,10
3527429,5
3533801,10
3534301,10
3534352,10
3528174,10
3528174,10
3136683,10
6615969,10
5987523,20
3534395,10
3534514,10
6614652,10
3532538,5
3534638,10
6614652,10
3534646,10
6632341,20
6614831,10
6614776,10
3534808,10
3536959,10
6615004,10
3532538,5
6615489,10
6005133,15
6615489,10
6632197,20
6616302,10
3537025,10
3537319,10
6004285,15
3537947,10
3538099,10
3538099,10
6796351,20
3538439,15
6004587,15
3538366,20
3538391,20
6532745,15
6532745,15
6535361,15
3502647,5
3538455,15
6534896,15
3538498,10
3541006,10
6535051,15
5830951,20
3540956,10
3540956,10
3502655,5
3541031,10
3540972,10
3394771,15
5831493,20
3541022,10
3571819,20
3502884,5
3540841,10
3571771,20
3540841,10
5831582,20
3573935,25
3573960,25
3137043,20
3137060,20
3503163,5
3575318,25
3541235,10
3575318,25
6596620,5
3541421,10
3573382,25
6596603,5
3573404,25
3544498,10
3573404,25
3511921,10
3544501,10
3575121,30
3574907,30
6251215,15
6251207,15
6251142,15
3575491,25
3567366,15
3575229,25
6250111,15
3105192,15
3105761,15
3394755,15
6250987,15
6250324,15
3541588,10
4534865,10
3138244,10
3138287,10
3541758,10
3105974,15
3105176,15
3105109,15
3105061,15
4535781,10
3541715,10
3105028,15
3106105,15
3105257,15
3541936,10
6251070,15
6249792,15
4590421,10
3433611,25
3574966,30
5569543,20
3575237,25
6612030,20
3394321,15
5756513,20
5756459,20
4590943,10
6002959,15
6611955,20
5568989,20
6004153,15
6003009,15
4590439,10
6616981,20
5656471,20
5347940,25
3407717,10
4998900,20
3109902,10
4591061,10
3109902,10
4807152,20
3392973,5
5642003,15
4087338,5
6632596,20
4095217,20
4535691,10
4590765,10
4588817,10
4522581,15
6632677,20
4679472,10
4588965,10
4588973,10
4588973,10
4590668,10
4589082,10
4728996,10
4588779,10
4729089,10
4750134,10
3140087,10
5347362,25
4796002,5
4817280,15
4590391,10
4817417,20
4817484,15
4796070,5
4817573,15
4817662,15
4817719,15
4901825,30
4590293,10
3394399,15
4796126,5
5568695,20
5425177,25
6004510,15
4591141,10
5029158,25
5029166,25
6002606,15
5425649,25
4591150,10
6535191,15
5048608,25
6534926,15
5048667,25
5055752,30
5055850,30
5048888,25
5048993,25
5055876,30
5569608,20
4590251,10
5049051,25
5082903,25
5104303,15
5104303,15
5104303,15
4589724,10
3541499,10
5128474,25
4998918,20
3110285,10
3110218,10
5807282,5
6292078,20
3394844,15
3275713,5
5807282,5
6750017,15
5114830,10
6412529,20
5128474,25
4808001,20
6412511,20
5987744,20
5987841,20
5756041,20
5756041,20
5756033,20
3424034,20
3104251,5
5755738,20
5755711,20
6617422,20
5756246,20
4626433,10
6616531,10
5587908,10
6617813,20
6749159,15
5587347,10
3107101,20
6749132,15
5641996,15
6632979,20
5988601,20
5988031,20
5988007,20
3139925,10
5988562,20
5987931,20
5988562,20
6632502,20
6796131,20
5988228,20
6632286,20
5987701,20
6632308,20
3541138,10
6632308,20
5988414,20
3541782,10
3541723,10
3542029,10
6796173,20
3541961,10
3541952,10
3541944,10
3541065,10
4537279,5
6796157,20
6632863,20
4537279,5
4535977,5
5988325,20
6632766,20
6632723,20
5364283,5
3541324,10
6632201,20
6632596,20
4536612,5
6632553,20
6796211,20
6632189,20
6796190,20
6632189,20
6633134,20
6632243,20
3541391,10
4537007,5
5364011,5
6632774,20
5987574,20
6632243,20
6632561,20
6633151,20
6796289,20
6796262,20
4534121,10
5988121,20
4537163,5
3100441,10
6633274,20
6632138,20
3105303,15
5988244,20
3105486,15
4590412,10
4990411,25
5492745,10
3134125,10
3139330,10
3248694,25
3291484,40
3139313,10
3388224,15
4589902,10
3396499,15
3291590,40
3291786,35
3299566,10
3410734,10
3299647,10
3306716,5
3306813,5
4589872,10
3416422,15
3416368,15
3424204,20
3424085,20
3445694,45
3306813,5
3445741,30
4590587,10
3378903,15
3446038,35
3466209,5
3502230,5
3533402,10
3108426,20
4591044,10
3109970,10
6749141,15
3540786,10
3540859,10
3247523,25
3109945,10
3109937,10
6633029,20
4590757,10
6632758,20
6633444,20
6633436,20
6632715,20
6632723,20
5987655,20
6633436,20
5988040,20
5987591,20
4590544,10
5988023,20
6796122,20
5987591,20
6796211,20
6796190,20
6796181,20
6796122,20
6796297,20
6796246,20
6633088,20
4590561,10
3107799,20
3532635,5
5988431,20
6633371,20
5988546,20
3532481,5
4590897,10
6632464,20
6632464,20
6796017,20
6632294,20
6413291,20
3532481,5
5988171,20
4590871,10
5988121,20
5988121,20
3542975,5
3542975,5
3542924,5
3542967,5
4988742,25
6616035,10
4590871,10
4522352,15
4988343,25
4522506,15
4988343,25
4988840,25
4988459,25
4589091,10
4589031,10
4588892,10
4807187,20
4588884,10
4617183,15
4590536,10
4588566,10
4588680,10
4617205,15
4617230,15
4588841,10
5652211,20
6615802,10
6615756,10
6615951,10
4590480,10
6615217,10
6615756,10
6616141,10
5654206,20
6615675,10
6616141,10
3112067,5
3112041,5
3431197,25
6616124,10
6535787,15
6533083,15
4590242,10
6615101,10
6535108,15
6004498,15
6004218,15
3431162,25
6533504,15
6003203,15
6533482,15
6534730,15
4590471,10
6535442,15
6535442,15
6534624,15
3431065,25
6004731,15
3272897,40
3273168,40
3394283,15
3431871,25
4590471,10
6004579,15
3432398,25
3273435,35
6003831,15
6003815,15
6780030,20
6780374,20
6003955,15
6780021,20
6780081,20
3282728,10
6004129,15
6260940,20
3432291,25
6260869,20
6261334,20
3285212,20
6260869,20
3284674,10
3285808,10
6261067,20
6260290,20
3304004,10
6261059,20
5987761,20
6836558,20
3301170,10
4717919,20
6260729,20
3302940,15
3303024,15
4718729,15
3303261,20
3303385,10
4718559,15
3433122,25
3303407,10
3394313,15
3303580,10
3303661,10
5916448,20
6291675,20
3303695,10
3303750,10
3433882,25
6260516,20
3108400,20
3303792,10
6291977,20
3304098,10
3108418,20
4552006,25
3108418,20
6837091,20
3431740,25
6556423,5
6750114,25
6557624,5
6557241,5
6557381,5
3112512,5
5651878,20
3391390,10
3431120,25
5128946,25
3431987,25
5128946,25
3431979,25
6749957,15
6749825,15
6750165,25
6224897,20
6616744,20
6224871,20
3392442,5
3110650,20
8001294,25
3570669,20
3110421,20
5256839,20
3575148,30
6796068,20
6796041,20
3106911,20
4990178,25
6796033,20
3106555,20
5569381,20
3574699,30
3574699,30
3574737,30
3574541,25
5586910,10
4990178,25
5587011,10
6252904,25
5569373,20
5586812,10
5586936,10
5617891,20
5631397,30
5631010,30
4990551,25
5631010,30
5631133,30
5629376,30
5629376,30
5631087,30
5629376,30
4989960,25
5629317,30
5631087,30
5629317,30
5639983,25
5629309,30
5639975,25
4990496,25
5639746,25
5651754,20
5652122,20
5652106,20
5629309,30
5653510,20
5652084,20
5651860,20
6750106,25
5631206,30
5631460,30
5190382,20
5655725,20
5705731,30
5655661,20
6646694,15
5702901,20
5655610,20
5702936,20
5655709,20
5703339,20
5348083,25
6251282,15
5753638,20
5753816,20
5916871,20
5703274,20
5703118,20
5759326,20
5702910,20
5759083,20
5831558,20
5832988,20
5779513,20
5830756,20
5830853,20
5830772,20
5832155,20
3394313,15
5830705,20
5833178,20
5916464,20
5916251,20
5830276,20
3394305,15
5916430,20
5833062,20
5833062,20
5832856,20
5916367,20
5831671,20
5832228,20
5832945,20
5916162,20
6029211,20
5830446,20
5352153,20
6260435,20
6029334,20
5830586,20
5833160,20
6612005,20
6670498,25
6616833,20
5655598,20
5656021,20
6260699,20
5275281,10
5653862,20
6261148,20
5276198,10
5257088,20
5653714,20
5653536,20
3382111,15
3575296,25
6029997,20
6030367,20
6261300,20
3383249,15
3383419,15
6029318,20
3384105,15
5263258,10
5263321,10
5286398,5
3389859,15
5702715,20
5488705,10
3398483,15
3398891,15
5702448,20
3401263,15
5263193,10
3104242,5
3140915,20
3391365,10
3140851,20
6261440,20
3574877,30
5263754,10
5262928,10
3401956,15
6836795,20
3402839,20
4717447,20
3467060,20
3466985,20
4717757,20
3466934,20
4895043,25
4717668,20
3505450,5
4717579,20
3505450,5
3507011,5
4717463,20
3403592,15
4895175,25
4994297,20
3404351,20
5128385,25
5128415,25
5128709,25
5128989,25
5128989,25
5151174,20
5128504,25
5128709,25
4895116,25
5152359,20
5152359,20
5128351,25
5152138,20
5152308,20
5152103,20
5151247,20
5128342,25
5128288,25
5152294,20
5152243,20
5151182,20
5128393,25
5275876,10
5275698,10
5128695,25
5276091,10
3404351,20
5276074,10
5346919,25
5275086,10
5275892,10
5275892,10
5347435,25
5350134,20
5275019,10
5347681,25
5568512,20
5917550,20
5917550,20
5346765,25
5917631,20
5568679,20
5917452,20
5338339,10
5917452,20
5753506,20
5753492,20
3405480,10
5753832,20
5760464,20
6029849,20
6030341,20
5346846,25
6030332,20
6029814,20
5833186,20
6029512,20
6069051,25
6069417,25
5917649,20
5346846,25
6069417,25
6069352,25
6292540,20
6291527,20
6069344,25
6292426,20
6069204,25
5347117,25
6292647,20
6069255,25
6313300,20
6313270,20
3409850,15
3409965,20
3410688,10
6418900,25
6418969,25
5347222,25
6550786,20
6550671,20
6550107,20
6550051,20
6549711,20
3411544,15
6550921,20
6617708,20
5347397,25
6556237,5
6618003,20
6556237,5
6617694,20
6617881,20
6617848,20
6617805,20
6617783,20
6617937,20
5347354,25
6617899,20
6646864,15
6617830,20
6646791,15
6646791,15
6617759,20
6646988,15
5347346,25
6647267,15
6646881,15
6646945,15
6670471,25
6670684,25
6670391,25
6646945,15
6670561,25
6716757,20
6749949,15
6749973,15
6670692,25
6670692,25
6749809,15
6749761,15
6670951,25
6716757,20
6750238,25
6671028,25
6671028,25
6780609,20
6671125,25
6781044,20
6780781,20
6836515,20
6716757,20
7664828,25
6670706,25
5262324,10
7757907,25
5263592,10
5262405,10
8001298,25
6716714,20
8001309,25
5630072,30
5491480,15
5491927,15
6750025,15
5491927,15
5491480,15
5491927,15
5490891,15
5490998,15
5630340,30
5491706,15
5630340,30
6750033,15
5630617,30
5491692,15
5631915,30
5630692,30
5630609,30
5632032,30
5630421,30
5630421,30
6092427,10
3446453,35
5637786,25
3446461,35
5756165,20
5756131,20
5755894,20
6617368,20
5639711,25
5639711,25
6617287,20
6617406,20
4808183,20
6611971,20
5918149,20
4808183,20
5918149,20
5756076,20
6411905,20
6412375,20
4807331,20
3430328,25
6412481,20
6412430,20
6556776,5
6610541,25
3430255,25
5756335,20
6556857,5
6557560,5
6556865,5
6411999,20
6557934,5
6556661,5
6556857,5
5190404,20
3462521,10
3462688,10
3571304,20
5190731,20
5190226,20
3462734,20
3462734,20
3462882,10
3462912,10
3463196,10
5190684,20
3462998,10
3463056,10
3430182,25
3465474,5
3465491,5
3465491,5
3459679,20
3460065,10
3463200,10
3465512,5
3460235,15
3107390,20
3429711,25
3408713,10
3106580,20
3106814,20
3478681,10
3478690,10
3478720,10
3481500,5
3478894,10
3107179,20
3478959,10
3483171,5
3482000,10
3482280,5
3482425,5
3483219,5
3107136,20
4541896,25
3486901,5
3487273,10
3483235,5
3487273,10
3487591,10
3483278,5
3487681,10
3487699,10
3483391,10
3487702,10
3487770,10
3483448,10
3487826,10
3487842,10
4998942,20
3487931,10
3488997,5
4998870,20
3489535,5
3487931,10
3489691,10
3489721,10
3107071,20
3491459,5
3489870,10
3491581,5
3429991,25
3489870,10
3489934,5
3491882,5
3491882,5
3491939,5
3489306,5
3491939,5
3490142,5
3490223,10
3492005,5
3492013,5
3492587,10
3492145,5
3495012,5
3489306,5
3495250,5
3492650,10
3492935,5
3493141,5
3495276,5
3493681,5
3495551,5
3493818,5
3493907,5
3496817,5
3499654,5
3106440,20
3496060,5
3499972,5
3496248,5
3496353,10
3501012,10
3501012,10
3501195,5
5655130,20
5654591,20
3501195,5
3501250,10
3502710,5
3503601,5
6261288,20
3096347,15
5655229,20
6261504,20
5656098,20
5655725,20
3504062,10
5656357,20
5654486,20
5656357,20
3430492,25
5655580,20
3504003,10
3504402,10
3575211,25
3504445,10
3504488,10
3504551,10
3507916,5
3504577,10
3519396,10
3507967,5
3504836,10
3504917,10
3140745,20
3140711,20
3508025,5
3508548,10
3423348,25
3406303,10
3504925,10
3507096,5
3406303,10
3405846,10
4807519,20
3393635,5
3431324,25
3393651,5
3392604,5
4807462,20
3392604,5
3393651,5
3392981,5
3511387,10
3511701,10
3513207,10
3392621,5
3392531,5
4807411,20
3392833,5
3393252,5
3514998,10
3393503,5
3514718,10
3514777,10
5832252,20
5832171,20
3515005,10
4807357,20
5832171,20
3515056,10
3515374,10
3517687,10
3516851,5
3518039,10
3516869,5
4807136,20
3516877,5
3518055,10
3518161,10
3517181,10
3517261,10
3518225,10
3518543,10
3518608,10
3392213,5
3517431,10
3517440,10
3517440,10
3518730,10
3521285,5
3521889,5
5831761,20
3517458,10
6542945,25
6543216,25
5830331,20
6543143,25
3431243,25
3108051,20
3107667,20
3524993,10
3525124,10
3525248,10
3525256,10
3108981,20
3525311,10
3524551,5
3525337,10
3108973,20
3525655,5
3525655,5
3108931,20
3109040,20
3524691,5
3108931,20
3109091,20
3533241,10
3533259,10
3533259,10
3534689,10
3534816,10
3533712,10
5831566,20
3524705,5
3534841,10
3535839,10
5833054,20
5832911,20
3534913,10
3534981,10
3535031,10
3524730,5
3535049,10
3535995,10
6250120,15
5832899,20
6250031,15
6836531,20
6837171,20
6250979,15
3524772,10
6249831,15
3505964,5
5831451,20
3505883,5
3506642,5
5831973,20
3524772,10
5831612,20
3536151,10
5831612,20
3536193,10
3536258,10
3536932,10
3524802,10
3536941,10
3537009,10
3536274,10
3536291,10
3536312,10
3506367,5
3536371,10
3524861,10
3507045,5
3506073,5
3506073,5
3536509,10
3536592,10
3506057,5
3506391,5
5832937,20
3524861,10
3536657,10
3536657,10
3537751,10
3537815,10
3537823,10
3536720,10
3539851,10
3524896,10
3540034,10
3537823,10
3540093,10
3409248,10
3538218,10
3408811,10
3408811,10
3542789,10
3538234,10
3538293,10
3544331,10
3542916,10
3110773,5
3543971,10
4990054,25
4990526,25
3113438,5
3408772,10
3409264,10
3111109,5
3113080,5
4994831,20
4994327,20
3543980,10
4994319,20
3111923,5
3111389,5
6646554,15
6646830,15
6646643,15
3111664,5
3113314,5
3388003,15
3544005,10
3113624,5
3393881,10
3110773,5
6549877,20
6549818,20
6556768,5
6069298,25
6549974,20
3544048,10
6069018,25
6550042,20
6549745,20
6069158,25
5587754,10
3405676,10
6549745,20
6750041,15
3544234,10
4895264,25
6069476,25
4895108,25
3394259,15
6069425,25
3406931,5
3568702,20
3406818,10
3544277,10
3407199,5
3568842,15
3569164,15
3406800,10
3406788,10
3568842,15
3568966,10
3406907,5
3432177,25
3544285,10
3422937,25
3568966,10
3568974,10
3569067,15
3420446,10
3571053,20
3422911,25
3571011,20
3544315,10
3574851,30
3427521,25
3427467,25
3575369,25
3407261,5
3407245,5
3427459,25
3544331,10
3427408,25
3466853,20
3466853,20
3466802,20
3466799,20
3394381,15
5702456,20
5569047,20
3466799,20
5702782,20
6617929,20
6617929,20
3481224,5
5491889,15
5702782,20
5653935,20
5491820,15
4990143,25
5653889,20
5488993,10
5491820,15
3428471,25
5653889,20
6260648,20
6260672,20
6260966,20
5653889,20
6260591,20
5654168,20
6260591,20
5491986,15
6260656,20
6261032,20
6260419,20
6836671,20
6837058,20
6260281,20
6836868,20
6260478,20
6260656,20
6836949,20
5488969,10
5638740,25
5917151,20
4552022,25
5916758,20
5489400,10
4537295,5
4536043,5
5492729,10
3427963,25
4536523,5
3428374,25
4536914,5
4537031,5
3428480,25
4537147,5
3407385,5
5488969,10
3427912,25
3427998,25
3429508,25
3428650,25
3429613,25
6557098,5
3429346,25
6556385,5
6557128,5
3429346,25
6291454,20
6412260,20
6556873,5
6556873,5
6557136,5
6556555,5
6557225,5
6412758,20
3108493,20
6412081,20
3108124,20
3108094,20
3108043,20
3107918,20
6412324,20
6412324,20
3107829,20
6557403,5
6556326,5
3107659,20
3109180,20
6558086,5
3108612,20
3108612,20
3108639,20
6558086,5
6557331,5
3108507,20
3108990,20
3108761,20
3109023,20
3107535,20
6615781,10
3107535,20
3506910,5
6251231,15
3506081,5
3506880,5
3505786,5
6251134,15
6251118,15
3505751,5
6646589,15
3505735,5
6250278,15
3409108,10
3506090,5
6250286,15
6251053,15
6251053,15
6250189,15
3409361,10
3111150,5
6647054,15
3113004,5
3113446,5
6646589,15
3408853,10
3430778,25
3409426,10
4827196,20
6647160,15
4827153,20
4827773,20
3113276,5
4827731,20
4827927,20
3113357,5
4827382,20
3110765,5
3111281,5
4827901,20
6647151,15
4827846,20
3433858,25
3113403,5
3433840,25
3111206,5
3429737,25
4826360,20
3430794,25
4826319,20
5753948,20
3430620,25
3431502,25
3431499,25
4827897,20
4827684,20
3431367,25
3431812,25
5756360,20
5756572,20
5756297,20
4827587,20
5760189,20
5756483,20
5759083,20
6616647,20
6617457,20
5832791,20
6617619,20
5756297,20
5642704,25
5702464,20
6617571,20
6617520,20
6617511,20
5491251,15
5702740,20
5756190,20
5491218,15
5702740,20
5491218,15
5491498,15
5491919,15
5630382,30
5702740,20
5916928,20
5491609,15
5755703,20
5916529,20
5917444,20
5830918,20
5918092,20
5830250,20
5830918,20
5832970,20
5832163,20
5760065,20
5830357,20
5830420,20
5833020,20
3573803,25
5152154,20
6617201,20
6617163,20
6617023,20
3106504,20
3107306,20
3433262,25
5346838,25
3394518,15
3107039,20
3107101,20
3394623,15
3575253,25
3394674,15
3394372,15
3107101,20
3394518,15
5587070,10
3429982,25
5569209,20
3106377,20
3106768,20
5489752,10
5262278,10
5830543,20
5587428,10
5568733,20
3423062,25
5569217,20
3427629,25
3427483,25
6611980,20
6611530,20
5760201,20
5759113,20
6611939,20
5758958,20
6611939,20
6670579,25
6617481,20
4717722,20
5569420,20
6611882,20
5569403,20
5755762,20
5029506,25
4717641,20
5056015,30
5049540,10
5056023,30
5061442,20
5083420,25
4717790,20
5089118,10
5083446,25
4718486,15
5569969,20
6291349,20
6617660,20
6616981,20
5656438,20
5656489,20
5656110,20
5654851,20
5656381,20
5654796,20
5655920,20
5656802,20
5656586,20
5656730,20
5656471,20
5656691,20
5348008,25
4997377,20
4997342,20
6312826,20
3140311,20
3407580,10
3407717,10
3140303,20
5654800,20
3407636,10
3140303,20
3408047,10
3140257,20
3140575,20
3392353,5
3408039,10
5654796,20
3407831,10
4998314,20
5128431,25
3407792,10
4711929,15
3423682,25
3423216,25
3406311,10
4807101,20
3405706,10
4807781,20
4807586,20
5216764,10
3391870,5
3391853,5
6716889,20
4999132,20
4807501,20
4807381,20
5128610,25
3405820,10
5275191,10
3391454,10
5276252,10
3392183,5
6291802,20
3391438,10
3391438,10
3392647,5
3391772,5
3406648,10
6543119,25
3112075,5
3391748,5
3393261,5
3393724,5
3391721,5
3405722,10
3393261,5
3392043,5
3393481,5
3393546,5
5653986,20
5651908,20
6252939,25
5652076,20
3392817,5
3393481,5
3391811,5
3391802,5
3574435,20
3393422,5
3393031,5
3392329,5
3393236,5
4988483,25
4988831,25
5128610,25
3430352,25
5257321,20
5256979,20
5128334,25
5128334,25
5128318,25
5128261,25
3393139,5
6030260,20
3277384,40
5832198,20
6030049,20
5830501,20
5830560,20
5830667,20
5830501,20
5832775,20
5830683,20
5830306,20
5830675,20
5833071,20
5830314,20
3305981,20
5830268,20
5830314,20
5351581,20
5353605,20
5350622,20
5347281,25
5347761,25
5351092,20
5832929,20
5346935,25
5653897,20
5351068,20
3428552,25
6750157,25
5653838,20
3571452,20
3571398,20
6750131,25
3571347,20
3571487,20
3378717,15
5352463,20
3571487,20
3573994,25
4717871,20
3573820,25
3387775,10
5347583,25
5347583,25
5353192,20
3381343,15
3418751,15
3430832,25
6616906,20
5256952,20
3427637,25
3429885,25
5351629,20
5348318,25
5388247,5
6556989,5
6557063,5
3433688,25
3434048,25
3574982,30
6250120,15
3574982,30
3575504,25
3574915,30
3394640,15
3506171,5
3575016,30
3575211,25
3575571,25
3407229,5
5586758,10
3506391,5
5569233,20
3408764,10
5569624,20
5702456,20
5681793,25
5569675,20
3394488,15
5629996,30
5570011,20
4997512,20
5654753,20
5917614,20
5570045,20
3112440,5
3112946,5
5128661,25
3394470,15
4537830,25
6092338,10
4537741,25
5190421,20
4538577,25
5190242,20
5190595,20
5190200,20
6836761,20
4808175,20
4807942,20
3299213,10
4717838,20
3393732,5
5190196,20
5190196,20
5832198,20
4827145,20
5190170,20
4827145,20
6292205,20
5190498,20
6313628,20
4552049,25
4895086,25
3506588,5
6412014,20
3107641,20
6556903,5
6780943,20
6292001,20
3570847,20
3111486,5
6313687,20
5491790,15
3574583,25
5491765,15
6412511,20
6292396,20
6611564,20
6611947,20
6611904,20
3104536,5
6611556,20
6611718,20
3429460,25
3104536,5
6313547,20
3104668,5
3104731,5
4901850,30
5756092,20
3104633,5
3406362,10
3104633,5
5756092,20
5756262,20
5759237,20
4901868,30
5758940,20
5760111,20
5759806,20
5759822,20
5758931,20
6617490,20
5760154,20
6616931,20
4989161,25
6260494,20
6260354,20
5759920,20
4989021,25
4989005,25
5151611,20
5190030,20
5262821,10
6596522,5
5992586,20
5351190,20
3433441,25
3104862,5
3104846,5
3104561,5
3140320,20
3104561,5
3140508,20
3104498,5
3140524,20
3112989,5
5350916,20
3104480,5
3104480,5
3394780,15
3407644,10
3423968,20
3407539,10
3433386,25
3407407,5
5350851,20
3433696,25
3505956,5
3433866,25
3506987,5
3434111,25
3573242,25
3432801,25
3432959,25
4086978,10
3543220,5
4537325,25
3432967,25
4537317,25
4538305,25
4538305,25
3543220,5
4589627,10
4589538,10
4538445,25
4591826,10
4626328,10
3543131,5
4591826,10
4626531,10
4590153,10
4626531,10
4590111,10
4626514,10
4590102,10
4626514,10
4590137,10
4590641,10
4590935,10
4626484,10
4626549,10
3541341,10
4711899,15
4990534,25
4807179,20
4997903,20
4997903,20
4807110,20
4807071,20
5190404,20
5256693,20
3543017,5
5256812,20
4998110,20
5257045,20
4997644,20
5256511,20
4997971,20
5264122,10
5256481,20
3543165,5
5256928,20
5257258,20
5256936,20
5490955,15
5263801,10
5491811,15
5491838,15
5587550,10
3541073,10
5587860,10
5630854,30
5488641,10
5642054,15
5638235,25
5630951,30
5638669,25
5632211,30
5632211,30
3541235,10
5638430,25
5658147,20
5631800,30
5755789,20
5916740,20
5987892,20
6004722,15
5916731,20
5987990,20
5916936,20
6092559,10
5987558,20
6092401,10
6253056,25
6260249,20
6291527,20
6003378,15
6291454,20
6288763,20
6291551,20
7188643,20
6413266,20
6292639,20
6413355,20
6413339,20
3110404,20
6533636,15
6535230,15
6534586,15
6002819,15
6534683,15
6534705,15
6535213,15
6534705,15
6534977,15
6533601,15
6611581,20
6534861,15
6611637,20
6532648,15
6632928,20
6532630,15
6633398,20
6632740,20
6646678,15
6632651,20
6668752,15
6632251,20
6633061,20
6668752,15
6632146,20
6632219,20
6668795,15
6668680,15
6668795,15
6668922,15
7559315,10
6633061,20
6796149,20
6796327,20
6796114,20
6796092,20
6716790,20
6796203,20
6716706,20
6796203,20
6802700,15
6633240,20
6836531,20
6796165,20
3387961,15
6796335,20
3410301,10
3388143,10
3426916,25
3481054,5
3511051,10
3390008,5
3481615,5
3484266,5
4797891,30
5987582,20
6633321,20
3109961,10
5988252,20
5988392,20
5988252,20
5988368,20
6633321,20
5988554,20
5988210,20
6633321,20
5988201,20
3109911,10
3571878,25
3096606,10
5988139,20
5988104,20
3096738,20
3098307,10
3098455,10
3100646,10
3098641,10
3097785,10
3099354,15
3099532,15
3097912,10
3097939,10
3099532,15
3101073,10
3100441,10
3097947,10
3100590,10
3098081,10
3100603,10
3131215,10
3100603,10
3131347,10
3138775,10
3101073,10
3138643,10
3131525,10
3131541,10
3131592,10
3134338,10
3131720,10
3131746,10
3101219,15
3134648,10
3135024,10
3135296,15
3135423,15
3135555,15
3135385,10
3135601,15
3101341,15
3135784,20
3139445,10
3135831,15
3135881,15
3136047,10
3139127,10
3139305,10
3101456,15
3139160,10
3248571,25
3139194,10
3248775,25
3248783,25
3248813,25
3139682,10
3248953,25
3101481,15
3248953,25
3248902,25
3249011,25
3249020,25
3249089,25
6535329,15
6615934,10
3101553,10
6616451,10
6616451,10
6535329,15
6614873,10
6615608,10
6615349,10
6004943,15
6616281,10
3283716,15
6615543,10
6616230,10
6003769,15
6614750,10
6615292,10
3284372,10
3292251,40
3300009,10
3306902,5
3292308,40
3293886,40
3293941,40
3306741,5
3306724,5
3306775,5
3291816,35
3306660,5
3306660,5
3299957,10
3299965,10
3306732,5
3306945,5
3306805,5
3306929,5
3306643,5
3291964,35
3305299,25
3305418,25
3306791,5
6252785,25
3378903,15
3378997,15
3378946,15
3379039,15
3292031,40
3379047,15
3378962,15
3379071,15
3379071,15
3379080,15
4754687,30
3379551,15
3379608,15
3379799,15
3385314,10
3292201,40
3385390,15
3384938,10
3385560,15
3385586,10
3385683,10
3385144,10
3388232,15
3386370,15
3394186,10
3393953,15
3385781,10
3396588,15
3396596,15
3396596,15
3386388,10
3396677,15
3396863,15
3385802,10
3396880,15
3387813,10
3396936,15
3396936,15
3397011,15
3397037,15
3387821,10
3397223,15
3400674,15
3385977,10
3397223,15
3400691,15
3400747,15
3400470,15
3400607,20
3400631,15
4833480,30
3404181,15
3404203,15
3404513,15
3386141,15
3405111,15
3404971,20
3405277,15
3405064,20
3405315,15
3405315,15
3386264,15
4886184,10
3405366,10
3410807,10
3410807,10
3410840,10
3410980,10
3411081,20
3410866,15
3416392,15
3416686,10
3418034,15
3416333,15
3416481,15
3416473,15
3394500,15
3418158,15
3418506,15
3418514,15
3418352,20
3418433,15
3419740,15
3421680,15
3416406,15
3419812,15
3420543,20
3421035,15
3421728,15
3421761,15
3421388,15
3421671,15
3424191,20
3425448,10
3421809,15
3415655,15
3422058,15
3426533,20
5004392,5
3446071,30
3426592,20
3416023,20
3459792,10
3460782,20
3460782,20
3446135,35
3446186,35
3446445,35
3479360,10
3466209,5
3465059,10
3465130,10
3479378,10
3481526,5
3480481,25
3481526,5
3416074,20
3481704,10
3482034,10
3482581,10
3482581,10
3482921,5
3482441,5
3483073,10
3487303,10
3483120,10
3486927,10
3487583,10
3487362,10
3487460,10
3487575,10
3487605,5
6596638,5
3486692,10
4534407,10
3105761,15
3106067,15
3488229,10
3488229,10
3105753,15
3105991,15
3110030,10
3492722,10
3110188,10
3488296,10
3492927,5
3492994,5
3110129,10
3492200,5
3492200,5
3493087,5
3492226,5
3492617,10
3110293,10
3493087,5
3502370,5
3501594,10
5987884,20
5987850,20
6632995,20
6796076,20
6632995,20
5988333,20
5988309,20
3110293,10
5988287,20
5988082,20
5988279,20
6632600,20
5988082,20
6632545,20
5988082,20
6633037,20
6633126,20
5256219,20
5988066,20
6633380,20
5987973,20
6796254,20
5987957,20
6796238,20
5988538,20
5629279,30
5987949,20
6618011,20
5988465,20
6632707,20
6610215,25
5987710,20
3430255,25
6796343,20
5988481,20
5988520,20
6616817,20
6632511,20
6632511,20
6632537,20
6632430,20
4826424,20
3387996,15
4826475,20
4988297,25
3466781,20
3428862,25
4827749,20
6557799,5
6556890,5
6556814,5
3428340,25
3434196,25
3427866,25
4537309,5
5364259,5
3466748,20
3407296,5
3407342,5
3466888,20
3431651,25
3431553,25
3433041,25
3431201,25
3428676,25
3428625,25
3432797,25
3429630,25
6292574,20
3432118,25
3432614,25
6291357,20
6291357,20
6291837,20
6291357,20
6291748,20
6412286,20
6412278,20
3432045,25
6411883,20
3506456,5
6543259,25
3110544,20
3110633,20
3506430,5
6412413,20
6412294,20
6411964,20
6557985,5
3432371,25
6413304,20
4988661,25
4989978,25
6556296,5
6557535,5
6557047,5
3108621,20
3108621,20
6558001,5
3108949,20
6557446,5
3108604,20
3112784,5
5651878,20
5653854,20
5651932,20
3108922,20
5653528,20
5653455,20
5658198,20
3407423,5
5654061,20
3112385,5
3112431,5
3112318,5
3109112,20
5654061,20
3570642,20
6251096,15
6251096,15
3111532,5
3505808,5
6249962,15
3505824,5
6250251,15
3108841,20
3111541,5
3506189,5
3506162,5
3505671,5
3506120,5
3506120,5
3506031,5
3505654,5
3107551,20
6646970,15
6647232,15
6646872,15
3505174,5
3431057,25
3506294,5
3109350,20
3111524,5
3506600,5
3394291,15
5630838,30
3393805,10
3432100,25
3432428,25
5702600,20
5491617,15
6780153,20
3108825,20
3432428,25
5631320,30
5631346,30
5630684,30
6780277,20
5702669,20
6780145,20
5491234,15
6261377,20
6836752,20
6780161,20
5491471,15
6836566,20
5491951,15
5916898,20
4717943,20
5491099,15
5656314,20
3432321,25
5640175,25
5655938,20
5638634,25
4718591,15
5830446,20
5638383,25
5637891,25
6312435,20
5656837,20
5917169,20
5916944,20
5916898,20
3433882,25
6291659,20
6312591,20
6292515,20
6292515,20
6749710,15
6312893,20
4817247,20
3427904,25
3428170,25
3427921,25
6557870,5
3107748,20
3108078,20
3428021,25
3428021,25
6750068,15
3108078,20
3427718,25
3108001,20
3428391,25
3428331,25
3428161,25
3107675,20
3108531,20
3429516,25
6557519,5
3428901,25
3109171,20
3108906,20
3429001,25
3430280,25
3430271,25
3109384,20
6557519,5
6288755,20
3429770,25
6288755,20
3505921,5
3429982,25
6557179,5
3505891,5
6557314,5
3408578,10
6557730,5
3506677,5
3506227,5
3506201,5
3505361,5
3505425,5
3505417,5
3109279,20
3506278,5
3506260,5
3506847,5
3506847,5
3505514,5
3408586,10
3506049,5
3506553,5
3406109,10
3406541,10
3505492,5
3506693,5
5779513,20
3111915,5
3140818,20
3140818,20
3505701,5
3505221,5
3408501,10
3140893,20
3140834,20
3408977,10
3111419,5
3140877,20
3505611,5
3391420,10
3391373,10
3467191,20
4807641,20
3112890,5
3467159,20
3505433,5
3467116,20
3467078,20
4717552,20
4717684,20
3505344,5
3505662,5
5346722,25
3111818,5
5128482,25
5128482,25
5568661,20
5128971,25
5568946,20
5128971,25
5128890,25
5833216,20
5128962,25
3112725,5
5128857,25
5152341,20
5190102,20
5190153,20
5760332,20
5760316,20
3112822,5
5346838,25
5760375,20
5346838,25
6617996,20
5760529,20
5833151,20
5338321,10
3112628,5
6029903,20
6029563,20
6029709,20
6029679,20
5917088,20
5833194,20
3110978,5
6030430,20
6030278,20
6313491,20
5833178,20
6313075,20
6313270,20
6313571,20
6313083,20
6313288,20
4994785,20
6313563,20
6313458,20
6550620,20
6551065,20
6550484,20
6550433,20
4994394,20
6550417,20
6550042,20
6556253,5
6646902,15
6647011,15
6670650,25
6550247,20
6670412,25
8001306,25
6670412,25
6550093,20
6550395,20
6550883,20
6670943,25
6749671,15
6670927,25
6780463,20
6780625,20
6671133,25
6670781,25
6780412,20
6780676,20
6780668,20
6780447,20
6780676,20
6716803,20
6780498,20
5562565,5
6780994,20
6780773,20
4542311,25
4542299,25
4542345,25
4583513,25
6780749,20
4583459,25
6780811,20
6716820,20
6717036,20
4718818,15
3571304,20
3391713,5
5083462,25
3538323,20
3393571,5
5917681,20
5917746,20
3393384,5
3393384,5
5917487,20
5917142,20
5918076,20
5916600,20
3393376,5
5917266,20
5918254,20
3502850,5
5916642,20
5918289,20
5918238,20
3506596,5
5917118,20
5916804,20
5917207,20
3506626,5
5916782,20
6616914,20
6616892,20
5917304,20
6616884,20
6616884,20
5917266,20
5917266,20
5655296,20
5916804,20
6616710,20
5175782,10
5654745,20
5656071,20
5654664,20
5656063,20
5656659,20
5916804,20
5656349,20
5654656,20
5656331,20
5656306,20
5654630,20
5656896,20
5916715,20
5656713,20
5656543,20
5656829,20
3427815,25
3423411,25
6312605,20
6312583,20
5917924,20
6313041,20
3423151,25
3140443,20
3140427,20
3140397,20
3406346,10
3140273,20
3140273,20
3406125,10
3406681,10
5916839,20
3140494,20
3140681,20
3407598,10
3406681,10
3407971,10
3406567,10
3407784,10
3406567,10
3392892,5
3393325,5
5263762,10
3405943,10
3392752,5
4807616,20
4807802,20
3392744,5
5275841,10
4807225,20
3393562,5
5275671,10
5275833,10
3392710,5
5256901,20
5569349,20
3393082,5
6716897,20
3392426,5
5568644,20
3391837,5
3392396,5
4537422,25
3392353,5
5256740,20
5569560,20
5257215,20
5257134,20
5257304,20
5568482,20
3427815,25
5569454,20
5197611,25
5197433,25
5197620,25
5569438,20
3393643,5
5569021,20
5569438,20
5569772,20
3392779,5
3392434,5
3393601,5
5569756,20
6616680,20
3427645,25
4537589,25
5263282,10
3392639,5
4537341,25
4808132,20
4808116,20
4807845,20
5190340,20
5190439,20
4808248,20
4807471,20
5190285,20
3391781,5
6610371,25
5190293,20
3104285,5
3392442,5
4997270,20
4998373,20
4998489,20
3392477,5
3391985,5
4998691,20
4998888,20
4997571,20
4827803,20
5190188,20
5190544,20
3104463,5
3391969,5
3104757,5
3104552,5
3104617,5
3104463,5
3104617,5
5338398,10
3391969,5
5268659,25
3571193,20
5268675,25
3106491,20
3570901,20
4827757,20
3106857,20
3106610,20
3107063,20
3106334,20
3106695,20
3574613,25
3106547,20
3106237,20
6252823,25
3570693,20
3575270,25
5197417,25
3109236,20
3574630,25
3574494,25
5916782,20
4999094,20
5917321,20
3574524,25
5917304,20
3393074,5
5489396,10
3110650,20
3574281,20
3110692,20
3110609,20
6543194,25
3110650,20
6413321,20
6413312,20
6543241,25
6542953,25
4988696,25
4988629,25
4988793,25
4988327,25
4988408,25
4989005,25
4990151,25
4990135,25
4990135,25
4990488,25
3393821,10
6611742,20
6617325,20
4712241,15
4538038,25
5128547,25
4538623,25
4538038,25
4807799,20
3571819,20
4988696,25
6610614,25
5256677,20
6749906,15
5917029,20
4807918,20
4807608,20
6610401,25
4780891,30
6610452,25
4780904,30
4718061,20
4808311,20
4826581,20
4808311,20
4827153,20
5755762,20
4826599,20
4718028,20
4989145,25
4989129,25
4989048,25
4989111,25
5114759,10
4989056,25
4719016,15
5029352,25
5139328,10
5145956,5
4712291,15
5489116,10
5151433,20
5151255,20
5489272,10
5489299,10
4729178,10
5151999,20
5489299,10
5492001,15
3104951,5
5151999,20
5151590,20
4729283,15
5151719,20
5151719,20
5917363,20
5190307,20
5151913,20
5830446,20
5753620,20
6029091,20
5350835,20
5753581,20
5753735,20
5753701,20
6029351,20
6029288,20
5759431,20
5916448,20
5352471,20
5830349,20
5916219,20
6029091,20
5831507,20
3573285,25
5350479,20
6836698,20
3573595,25
3573358,25
6836981,20
6836787,20
6836621,20
3571410,20
6836574,20
6836841,20
6836825,20
6836574,20
5347559,25
3571380,20
5347940,25
3110323,10
6837155,20
4895141,25
6837155,20
3136012,15
3133331,15
4895124,25
4895094,25
3136365,20
5587916,10
5262286,10
5587894,10
3431596,25
5488934,10
5587495,10
5602940,15
3431588,25
5489051,10
3428005,25
3427670,25
3427882,25
5587746,10
5489361,10
3428048,25
5489612,10
5587096,10
3427971,25
3427971,25
5489779,10
5489329,10
3429478,25
3429419,25
3429362,25
5587401,10
3429354,25
5587142,10
5603105,20
5488870,10
3429117,25
5587142,10
5262294,10
3428960,25
3429192,25
5488799,10
3429885,25
3429788,25
5603121,15
5603270,10
3429974,25
3429958,25
3429567,25
5488781,10
3429249,25
3429702,25
3429664,25
5606929,15
6291934,20
3429664,25
5488764,10
6291284,20
3430107,25
6292817,20
3430069,25
6291306,20
3430450,25
6291462,20
5587924,10
3430646,25
6092435,10
3431685,25
6412235,20
6292647,20
6292621,20
6292621,20
6556431,5
6412235,20
6557250,5
6411913,20
6556377,5
6557411,5
3108108,20
6557594,5
3108086,20
6412651,20
3107977,20
3107896,20
3108558,20
3107888,20
8004337,25
3108515,20
3108892,20
6250260,15
6249776,15
3506171,5
3506472,5
3506171,5
5491986,15
5491978,15
5491684,15
5491943,15
5491684,15
5629813,30
5491161,15
5632059,30
5630714,30
5491978,15
5631770,30
5491145,15
5631770,30
5630901,30
5631770,30
5638707,25
5630293,30
5630293,30
5640311,25
5630781,30
5639223,25
5917797,20
5631826,30
5630650,30
5630641,30
5638405,25
5630633,30
5629813,30
5638324,25
5917771,20
5916791,20
5629813,30
6543160,25
5256634,20
3110447,20
3110455,20
3112946,5
5256634,20
5916685,20
3112954,5
3112121,5
6413461,20
5257231,20
5256669,20
5256588,20
5257070,20
4988335,25
5916677,20
4988335,25
5257070,20
4988301,25
4988939,25
6260176,20
6261342,20
4989889,25
5917274,20
6261342,20
4990275,25
3405641,10
6261458,20
4551875,25
6261466,20
5917614,20
3272773,35
4895051,25
3393864,10
6260311,20
6069506,25
4717803,20
3393767,5
6836884,20
3107225,20
6836809,20
5488772,10
5489787,10
5489515,10
5489418,10
5489108,10
5718077,30
5492737,10
3406761,10
5489591,10
5262278,10
5364305,5
5262278,10
3428447,25
3428013,25
4537074,5
4718621,15
6557543,5
4718605,15
4537074,5
6291926,20
4537104,5
4537058,5
6291926,20
6556407,5
4536205,5
6292809,20
6412421,20
6557161,5
3108680,20
3109325,20
3574206,20
3574362,20
6557390,5
3108680,20
3108281,20
3574273,20
3574320,20
3109244,20
3574664,30
6250154,15
3506031,5
3433734,25
4817204,15
3506031,5
3383354,15
3505247,5
3408861,10
3505191,5
3408837,10
3408993,10
3111397,5
3111371,5
3408446,10
3113179,5
3111320,5
3113306,5
3113217,5
3409311,10
3385322,10
3409311,10
3386884,10
3112032,5
3112679,5
3112547,5
3408985,10
3389492,20
6646970,15
3111273,5
6646961,15
3397975,15
6646961,15
6646911,15
5630838,30
5491536,15
6646911,15
5630871,30
3111222,5
5630986,30
6647186,15
5630986,30
6647224,15
3410971,10
5632172,30
5491099,15
3111176,5
5632024,30
5630684,30
5632024,30
5632024,30
5630684,30
5638278,25
5632075,30
5639991,25
5917789,20
5639967,25
5630471,30
5656136,20
5630471,30
5654672,20
5656578,20
5629287,30
5917703,20
5631974,30
5631974,30
5656560,20
6313288,20
3140419,20
5917461,20
6312834,20
3140338,20
6313113,20
3140338,20
6313113,20
3140702,20
3140699,20
6312486,20
3408021,10
3423615,25
4542248,25
3406541,10
3423488,25
3405951,10
3405951,10
3406443,10
3405935,10
3406427,10
6030405,20
6030057,20
3406028,10
4807128,20
5918157,20
4807403,20
3406656,10
4807390,20
3406478,10
4807209,20
4807209,20
3405692,10
4807144,20
5275906,10
5274977,10
5275906,10
5264289,10
5275311,10
5275680,10
6716919,20
3392108,5
6716854,20
3392345,5
3392191,5
3392914,5
3392167,5
5263118,10
5916987,20
5263495,10
5189643,20
5352650,20
3486668,10
5351459,20
5351271,20
5651789,20
5753590,20
5753557,20
5652092,20
3407938,10
5652220,20
3532473,5
5652220,20
5917011,20
5652165,20
5190234,20
5703088,20
5703029,20
3497244,5
5703029,20
5703517,20
3395221,5
3395221,5
5703380,20
3503724,5
5703291,20
3512561,10
3536380,10
3538234,10
3566840,25
3539222,15
5917002,20
3407211,5
3568184,20
3569369,15
4833480,30
3575555,25
4881115,30
5399702,30
3430093,25
3430883,25
3405617,10
5988163,20
4534016,10
3422783,25
6796220,20
4989650,25
4988912,25
6535868,15
4754636,30
4754652,30
5256855,20
4817336,20
5263533,10
4827072,20
4989005,25
6030448,20
6002444,15
5151492,20
5151298,20
5151930,20
5151506,20
5189554,20
5703312,20
3541545,10
6617023,20
3541910,10
3095201,10
3095081,10
3095227,10
3095103,10
3095278,10
3095286,10
3095111,10
3095171,10
3095286,10
3096045,10
3095189,10
3095391,20
3095430,15
3095464,15
3096541,15
3095545,10
3095545,10
3095651,15
3095821,10
3096614,15
3095910,15
3095995,10
3096681,15
3096002,15
3098536,10
3096011,15
3096037,10
3096690,10
3096053,15
3098803,10
3098897,15
3097084,10
3096746,10
3096908,15
3098617,10
3098803,10
3098234,10
3097165,10
3096053,15
3097181,15
3097432,15
3098269,10
3097441,15
3097521,10
3097629,15
3098285,10
3098323,10
3097629,15
3096070,10
3097653,15
3097831,15
3097840,15
3098366,10
3097980,10
3098404,10
3098536,10
3098897,15
3099770,15
3099052,10
3096096,15
3099800,10
3099192,15
3099257,10
3099851,10
3099893,15
3099958,15
3099401,15
3100034,10
3100042,10
3100077,10
3100212,10
3096215,15
3100425,10
3099494,10
3100450,10
3100689,10
3100719,10
3100751,10
3099575,10
3099605,10
3099613,10
3100891,10
3096215,15
3101146,15
3099656,10
3101286,10
3099664,10
3101308,15
3101553,10
3099681,10
3101618,10
3101766,10
3096231,10
3099681,10
3101821,10
3099702,10
3101855,15
3101952,15
3101979,10
3102151,15
3099711,10
3102231,10
3102274,20
3096339,10
3099745,10
3102304,15
3104196,10
3104226,15
3104226,15
3102347,15
3102363,15
3431600,25
3102509,15
3102576,15
3102576,15
3096452,15
3134770,10
3131274,10
3131606,10
3102720,15
3102738,15
3131801,10
3131932,10
3102746,10
3132637,15
3131941,10
3102754,10
3132203,10
3132238,10
3102754,10
3132254,10
3132271,10
3132289,10
3132726,15
3132297,10
3102932,15
3103335,10
3132416,10
3103416,10
3132424,10
3103611,15
3132611,15
3132611,15
3103823,15
3132751,15
3132629,15
3103882,15
3134753,15
3104064,15
3104072,15
3134834,20
3104072,15
3134851,20
3104102,15
3132769,15
3136560,10
3136578,15
3134851,20
3134931,15
3134958,15
3134966,15
3136756,15
3135032,10
3135156,15
3136888,20
3137124,20
3132785,15
3135261,15
3135334,15
3135491,15
3137124,20
3137205,15
3137221,10
3135636,15
3135997,20
3137272,10
3136314,20
3132793,15
3137302,20
3137361,15
3136403,20
3136411,15
3137418,10
3136438,10
3137531,15
3137639,15
3137841,15
3132891,20
3136438,10
3138139,10
3138309,10
3429940,25
3108329,20
3420519,10
4827439,20
3132955,15
4827366,20
3111460,5
3232143,25
3111362,5
3247876,25
3245504,30
3247396,25
3247426,25
3245521,25
3247485,25
3132980,10
3247515,25
3246250,25
3247531,25
3247604,25
3247337,25
3247663,25
3247680,25
3247353,25
3133153,15
3247698,25
3247698,25
3248007,25
3247701,25
3248031,25
3247728,25
3247752,25
3248147,25
3247761,25
3248147,25
3133161,15
3248201,25
3247841,25
3247884,25
3248244,25
3247922,25
3247931,25
3248252,25
3248007,25
3133269,15
3248261,25
3250583,25
3272544,20
3248481,25
3133285,15
3272641,30
3248520,25
3272722,40
3248562,25
3272803,40
3272846,40
3272862,40
3273494,35
3133307,15
3249143,25
3274334,15
3273541,35
3274105,25
3274539,10
3274130,25
3274199,15
3133307,15
3274253,15
3274628,5
3276884,35
3276981,35
3277091,35
3274733,5
3277104,35
3133382,15
3277112,35
3277139,35
3277163,35
3274806,5
3274890,5
3275187,5
3277309,40
3275357,5
3275411,5
3133463,15
3277465,35
3277481,35
3280156,5
3275616,5
3277589,40
3133536,15
3277759,35
3275951,20
3275951,20
3275951,20
3277848,40
3276205,25
3276612,35
3276671,35
3133561,15
3276701,35
3277848,40
3277872,40
3277937,30
3277996,30
3278267,30
3278348,30
3276744,30
3133579,15
3278496,35
3276868,35
3276876,35
3276876,35
3278518,35
3278623,35
3278828,15
3133684,10
3278844,15
3278917,15
3278674,20
3278810,15
3282191,5
3279093,10
3279182,15
3282370,5
3282451,10
3133838,10
3282523,10
3282621,10
3279298,10
3279603,10
3279751,15
3282728,10
3279981,5
3282850,10
3279981,5
3133897,10
3282876,10
3282965,15
3284399,10
3284674,10
3280148,5
3280300,5
3280687,5
3133978,10
3284721,10
3280741,5
3284721,10
3284739,10
3284739,10
3281365,5
3284852,20
3281772,5
3284941,15
3281772,5
3284950,15
3134711,10
3281918,5
3281969,5
3285042,15
3285131,15
3282035,5
3282051,5
3286448,10
3285816,10
3290097,30
3290241,30
3285883,10
3286022,15
3290500,30
3290534,30
3286065,15
3286511,10
3290623,40
3286430,10
3294335,40
3294343,45
3294360,45
3290798,40
3294530,40
3290852,35
3294556,40
3286511,10
3291085,40
3294572,40
3291115,35
3294700,40
3294734,40
3295439,30
3291166,30
3295951,10
3291336,30
3286588,10
3296249,10
3296397,10
3296427,10
3296478,10
3296648,10
3292341,40
3293134,35
3296672,10
3286901,10
3296737,10
3293894,40
3293991,40
3293991,40
3296745,10
3296834,10
3294009,40
3296966,10
3286910,10
3294033,40
3297067,10
3294301,45
3297393,10
3297423,10
3297075,10
3297491,10
3297652,10
3297661,10
3286928,10
3297083,10
3297105,10
3297661,10
3297792,10
3298063,10
3298373,10
3297121,10
3298624,10
3286961,10
3298730,10
3298942,10
3297245,10
3298951,10
3298993,10
3299001,10
3300637,10
3299027,10
3300696,10
3287177,10
3299027,10
3299132,10
3300700,10
3300831,10
3300939,10
3299175,10
3287533,10
3301013,10
3301463,10
3299183,10
3301480,10
3301668,10
3301684,10
3299191,10
3301749,10
3301871,10
3287584,10
3301919,15
3301943,15
3301943,15
3300033,10
3300122,10
3300181,10
3301960,15
3287762,5
3300581,10
3302028,20
3302371,10
3302451,10
3302524,10
3302133,15
3302249,15
3302672,10
3302699,10
3302800,15
3287843,30
3302265,10
3302826,15
3304462,30
3302885,15
3304543,30
3302931,15
3287916,30
3304543,30
3304829,25
3303156,20
3303164,20
3304853,25
3303245,20
3304888,25
3304900,25
3303261,20
3288092,30
3304951,30
3304152,10
3305132,30
3305191,30
3304217,10
3304381,30
3304381,30
3306091,25
3288424,30
3305469,25
3306104,25
3306333,25
3305558,25
3306350,30
3305612,25
3288700,30
3305655,25
3306350,30
3305728,20
3306457,30
3305736,20
3305833,20
3306520,5
3306546,10
3288718,30
3305884,20
3306562,5
3305892,20
3430727,25
3305990,20
3383923,15
3289072,30
3573811,25
5151131,20
3378474,15
3378571,15
3378822,15
3382129,15
3382137,15
3378865,15
3289137,30
3382145,15
3378873,15
3378890,15
3378890,15
3382668,15
3379195,15
3379560,15
3382935,20
3289153,30
3382935,20
3379578,15
3379632,15
3383044,20
3383125,15
3383176,15
3383435,20
3379659,15
3289633,30
3383443,20
3383486,20
3379721,15
3383494,15
3383494,15
3379942,15
3289650,30
3379969,15
3383508,15
3383761,20
3380037,15
3381190,15
3381211,15
3383818,15
3383940,15
3381351,15
3289668,30
3381360,15
3383966,15
3381432,15
3384024,20
3381483,15
3384059,20
3382111,15
4745564,30
3289838,30
3385501,15
3385748,10
3385993,10
3384148,10
3384199,15
3289897,30
3384245,20
3384261,20
3385993,10
3384288,20
3386116,15
3384369,15
3386124,15
3384415,20
3386183,10
3387180,15
3384423,20
3386205,10
3386256,15
3386311,15
3384601,15
3384628,15
3386337,15
3386353,15
3386418,15
3387252,10
3386728,10
3384920,10
3384954,10
3384971,10
3386795,10
3385101,10
3386914,10
3386914,10
3385101,10
3387368,10
3387066,10
3385276,10
3387121,15
3387163,15
3389140,15
3385349,10
3385420,10
3389263,20
3387503,15
3389280,20
3385438,10
3390407,15
3389379,20
3390661,10
3389468,20
3390750,15
3389522,20
3390831,15
3387538,10
3391101,15
3389557,20
3391241,20
3389565,20
3389743,20
3391250,20
3395123,10
3389743,20
3387546,15
3389794,15
3389832,15
3395131,10
3395263,10
3395263,10
3389905,10
3389905,10
3395301,15
3390130,15
3387554,15
3395301,15
3390156,15
3395310,15
3390181,10
3395328,15
3395361,15
3387554,15
3390181,10
3390229,15
3395395,20
3390245,15
3395816,15
3390245,15
3390253,15
3395816,15
3390342,15
3395875,15
3387597,15
3395883,15
3390351,15
3395891,15
3397754,15
3397801,15
3396120,15
3397851,15
3396243,15
3396251,15
